date,price
2025-06-03 21:00:05,105835
2025-06-03 22:00:03,105547
2025-06-03 23:00:18,105869
2025-06-04 00:04:35,105450
2025-06-04 01:00:14,105405
2025-06-04 02:00:04,105608
2025-06-04 03:00:55,105580
2025-06-04 04:00:04,105647
2025-06-04 05:00:54,105483
2025-06-04 06:20:41,105350
2025-06-04 07:33:53,105375
2025-06-04 09:10:49,105433
2025-06-04 10:20:11,105847
2025-06-04 11:48:34,105324
2025-06-04 12:59:20,105024
2025-06-04 13:03:20,105026
2025-06-04 14:08:34,104759
2025-06-04 15:00:04,104883
2025-06-04 16:40:17,105387
2025-06-04 17:12:31,105454
2025-06-04 18:00:04,105133
2025-06-04 19:03:57,105057
2025-06-04 20:07:18,104949
2025-06-04 21:08:44,104688
2025-06-04 22:00:06,104992
2025-06-04 23:00:05,104896
2025-06-05 00:26:03,105028
2025-06-05 01:10:19,105028
2025-06-05 02:00:03,104849
2025-06-05 03:00:05,105165
2025-06-05 04:44:26,105185
2025-06-05 05:52:16,104713
2025-06-05 07:32:59,104532
2025-06-05 08:55:25,104745
2025-06-05 10:11:58,104907
2025-06-05 11:15:20,104661
2025-06-05 13:03:57,105881
2025-06-05 14:34:03,104470
2025-06-05 15:13:56,104569
2025-06-05 16:17:44,104566
2025-06-05 17:00:07,103726
2025-06-05 18:04:14,103366
2025-06-05 19:00:04,103045
2025-06-05 20:00:04,102296
2025-06-05 21:00:04,101027
2025-06-05 22:00:04,101405
2025-06-05 23:00:04,101579
2025-06-06 00:27:33,101394
2025-06-06 01:16:32,101870
2025-06-06 02:14:35,101825
2025-06-06 03:20:25,102526
2025-06-06 04:45:24,102762
2025-06-06 05:00:28,102764
2025-06-06 06:47:16,103196
2025-06-06 08:00:34,103290
2025-06-06 09:43:06,103683
2025-06-06 10:51:07,103717
2025-06-06 11:59:52,103978
2025-06-06 12:00:03,103978
2025-06-06 14:02:38,104260
2025-06-06 15:00:04,104739
2025-06-06 16:00:04,105037
2025-06-06 17:02:04,104983
2025-06-06 18:00:05,104735
2025-06-06 19:04:12,104592
2025-06-06 20:00:05,104244
2025-06-06 21:00:04,104496
2025-06-06 22:00:04,104469
2025-06-06 23:00:04,104455
2025-06-07 00:18:24,104253
2025-06-07 01:19:02,104520
2025-06-07 02:00:04,104519
2025-06-07 03:18:47,104744
2025-06-07 04:47:04,104774
2025-06-07 05:48:04,104897
2025-06-07 07:12:47,105094
2025-06-07 08:40:05,104847
2025-06-07 10:00:37,104857
2025-06-07 11:05:41,105231
2025-06-07 12:18:52,105308
2025-06-07 13:39:51,105594
2025-06-07 14:00:05,105690
2025-06-07 15:20:14,105485
2025-06-07 16:13:44,105655
2025-06-07 17:00:05,105432
2025-06-07 18:00:04,105491
2025-06-07 19:00:04,105650
2025-06-07 20:00:04,105741
2025-06-07 21:00:05,105881
2025-06-07 22:00:04,105832
2025-06-07 23:00:04,105879
2025-06-08 00:00:04,105673
2025-06-08 01:00:04,105502
2025-06-08 02:00:04,105708
2025-06-08 03:00:04,105558
2025-06-08 04:00:04,105510
2025-06-08 05:35:14,105551
2025-06-08 06:50:47,105508
2025-06-08 08:25:26,105456
2025-06-08 08:25:27,105456
2025-06-08 09:49:20,105212
2025-06-08 11:06:04,105503
2025-06-08 12:27:09,105684
2025-06-08 13:32:54,105807
2025-06-08 14:44:21,105784
2025-06-08 15:00:04,105820
2025-06-08 16:19:11,106131
2025-06-08 17:00:04,106244
2025-06-08 18:00:17,106259
2025-06-08 19:00:20,106331
2025-06-08 20:10:43,106308
2025-06-08 21:00:17,106221
2025-06-08 22:00:36,106350
2025-06-08 23:00:22,105853
2025-06-09 00:07:37,105730
2025-06-09 01:00:08,105773
2025-06-09 02:00:24,105612
2025-06-09 03:00:23,105624
2025-06-09 04:43:18,105574
2025-06-09 05:56:55,105438
2025-06-09 07:35:47,105588
2025-06-09 08:47:12,105841
2025-06-09 09:52:35,107137
2025-06-09 11:00:52,107340
2025-06-09 12:28:44,107771
2025-06-09 13:14:25,107621
2025-06-09 14:15:24,107661
2025-06-09 15:31:49,107939
2025-06-09 16:00:04,107799
2025-06-09 17:00:05,107903
2025-06-09 18:00:04,108360
2025-06-09 19:00:05,108438
2025-06-09 20:00:05,108563
2025-06-09 21:04:03,108775
2025-06-09 22:00:04,109889
2025-06-09 23:01:39,110196
2025-06-10 00:00:04,110267
2025-06-10 01:00:04,110012
2025-06-10 02:00:22,109793
2025-06-10 03:00:04,109682
2025-06-10 04:00:20,109569
2025-06-10 05:00:04,109555
2025-06-10 06:41:32,109591
2025-06-10 09:26:10,109228
2025-06-10 09:26:12,109228
2025-06-10 10:31:48,109675
2025-06-10 11:50:00,109613
2025-06-10 13:18:40,109759
2025-06-10 14:37:46,108664
2025-06-10 15:00:33,108645
2025-06-10 16:00:28,108981
2025-06-10 17:00:30,108744
2025-06-10 18:04:40,108682
2025-06-10 19:01:30,109382
2025-06-10 20:00:04,109536
2025-06-10 21:00:05,109896
2025-06-10 22:00:23,109830
2025-06-10 23:00:26,109756
2025-06-11 00:00:30,110247
2025-06-11 01:00:24,109926
2025-06-11 02:08:09,109665
2025-06-11 03:00:03,109643
2025-06-11 04:00:15,109711
2025-06-11 05:35:33,109536
2025-06-11 07:06:52,109615
2025-06-11 08:28:49,109597
2025-06-11 10:05:13,109261
2025-06-11 11:21:27,109278
2025-06-11 12:33:30,109784
2025-06-11 13:41:57,109735
2025-06-11 14:00:04,109655
2025-06-11 15:00:34,109888
2025-06-11 16:00:26,109779
2025-06-11 17:00:04,109528
2025-06-11 18:00:04,109150
2025-06-11 19:00:38,108830
2025-06-11 20:00:04,108713
2025-06-11 21:00:04,108924
2025-06-11 22:00:04,108637
2025-06-11 23:00:20,108440
2025-06-12 00:00:04,108693
2025-06-12 01:00:25,108710
2025-06-12 02:05:40,108644
2025-06-12 03:00:21,108518
2025-06-12 04:00:30,107911
2025-06-12 05:00:30,107743
2025-06-12 07:12:52,107708
2025-06-12 08:50:05,107743
2025-06-12 10:12:12,107363
2025-06-12 11:31:00,107161
2025-06-12 14:01:08,107146
2025-06-12 15:32:41,107372
2025-06-12 16:00:04,107063
2025-06-12 17:00:06,107664
2025-06-12 18:00:06,108311
2025-06-12 19:00:47,107513
2025-06-12 20:00:05,106853
2025-06-12 21:00:50,106015
2025-06-12 22:00:04,106095
2025-06-12 23:00:04,105890
2025-06-13 00:00:05,105931
2025-06-13 01:00:34,103851
2025-06-13 02:00:05,103761
2025-06-13 03:00:51,103635
2025-06-13 04:02:17,104335
2025-06-13 05:22:53,104473
2025-06-13 06:36:47,104152
2025-06-13 08:01:27,105261
2025-06-13 08:01:30,105261
2025-06-13 09:28:37,104634
2025-06-13 10:47:37,104818
2025-06-13 11:29:44,104867
2025-06-13 13:04:35,104838
2025-06-13 14:10:04,104739
2025-06-13 15:17:23,105324
2025-06-13 16:00:04,105547
2025-06-13 17:00:05,105777
2025-06-13 18:00:47,105341
2025-06-13 19:00:38,105095
2025-06-13 20:00:04,105147
2025-06-13 21:00:04,105410
2025-06-13 22:00:47,105657
2025-06-13 23:00:06,105814
2025-06-14 00:00:04,106064
2025-06-14 01:00:05,105945
2025-06-14 02:00:05,105533
2025-06-14 03:00:44,105416
2025-06-14 04:08:20,105317
2025-06-14 05:06:41,105380
2025-06-14 06:12:12,105190
2025-06-14 07:42:05,105105
2025-06-14 09:05:05,105089
2025-06-14 09:05:06,105089
2025-06-14 10:30:56,104987
2025-06-14 11:25:04,105067
2025-06-14 12:18:30,104957
2025-06-14 13:33:03,104966
2025-06-14 14:14:08,105061
2025-06-14 15:00:04,104961
2025-06-14 16:12:51,104844
2025-06-14 17:09:37,104571
2025-06-14 18:00:05,104614
2025-06-14 19:00:52,104696
2025-06-14 20:03:45,104722
2025-06-14 21:00:06,104930
2025-06-14 22:00:15,105346
2025-06-14 23:00:05,105388
2025-06-15 00:00:52,105465
2025-06-15 01:00:04,105641
2025-06-15 02:00:05,105493
2025-06-15 03:00:04,105530
2025-06-15 04:00:03,105529
2025-06-15 07:09:59,105381
2025-06-15 07:10:16,105467
2025-06-15 08:19:56,105235
2025-06-15 09:57:02,105055
2025-06-15 11:24:40,105014
2025-06-15 12:41:26,105083
2025-06-15 13:23:10,105411
2025-06-15 14:00:04,105516
2025-06-15 15:19:15,105630
2025-06-15 16:00:04,105613
2025-06-15 17:00:04,105559
2025-06-15 18:08:51,105608
2025-06-15 19:00:41,105523
2025-06-15 20:00:05,105257
2025-06-15 21:00:04,104755
2025-06-15 22:09:42,104970
2025-06-15 23:00:04,105306
2025-06-16 00:00:04,105529
2025-06-16 01:00:05,105420
2025-06-16 02:00:04,105795
2025-06-16 03:03:35,105799
2025-06-16 04:00:48,105912
2025-06-16 05:07:29,106474
2025-06-16 06:25:07,106724
2025-06-16 08:02:09,107089
2025-06-16 09:38:42,106968
2025-06-16 10:56:29,106869
2025-06-16 12:24:17,106770
2025-06-16 13:20:33,106646
2025-06-16 14:06:19,107110
